{"name":"58f81884-9af3-4a2b-9fc9-45e8e0a93ac9","id":"/providers/Microsoft.Flow/flows/58f81884-9af3-4a2b-9fc9-45e8e0a93ac9","type":"Microsoft.Flow/flows","properties":{"apiId":"/providers/Microsoft.PowerApps/apis/shared_logicflows","displayName":"SharePointHTTP","definition":{"metadata":{"workflowEntityId":null,"processAdvisorMetadata":null,"flowclientsuspensionreason":"None","flowclientsuspensiontime":null,"flowclientsuspensionreasondetails":null,"creator":{"id":"456cb7da-7c8c-4cfc-88c7-8b7c3f1b7e5a","type":"User","tenantId":"2c0aa1e0-6d65-437b-b278-ec52094e80b5"},"provisioningMethod":"FromDefinition","failureAlertSubscription":true,"clientLastModifiedTime":"2022-09-15T17:17:22.1455597Z"},"$schema":"https://schema.management.azure.com/providers/Microsoft.Logic/schemas/2016-06-01/workflowdefinition.json#","contentVersion":"1.0.0.0","parameters":{"$connections":{"defaultValue":{},"type":"Object"},"$authentication":{"defaultValue":{},"type":"SecureObject"}},"triggers":{"manual":{"metadata":{"operationMetadataId":"754736f3-8079-4c91-83a1-7bcb60f021dd"},"type":"Request","kind":"PowerAppV2","inputs":{"schema":{"type":"object","properties":{"text":{"title":"SiteAddress","type":"string","x-ms-dynamically-added":true,"description":"Please enter the site url","x-ms-content-hint":"TEXT"},"text_1":{"title":"Method","type":"string","x-ms-dynamically-added":true,"description":"Please enter the method to use in the API","x-ms-content-hint":"TEXT"},"text_2":{"title":"Uri","type":"string","x-ms-dynamically-added":true,"description":"Please enter the api headers","x-ms-content-hint":"TEXT"},"text_3":{"title":"Headers","type":"string","x-ms-dynamically-added":true,"description":"Please enter the headers in JSON format","x-ms-content-hint":"TEXT"},"text_4":{"title":"Body","type":"string","x-ms-dynamically-added":true,"description":"Please enter the request body, leave it blank if none","x-ms-content-hint":"TEXT"}},"required":["text","text_1","text_2","text_3","text_4"]}}}},"actions":{"Send_an_HTTP_request_to_SharePoint":{"runAfter":{},"metadata":{"operationMetadataId":"61111e42-50f5-4d6b-99f5-aa4e32525d4a"},"type":"OpenApiConnection","inputs":{"host":{"apiId":"/providers/Microsoft.PowerApps/apis/shared_sharepointonline","connectionName":"shared_sharepointonline","operationId":"HttpRequest"},"parameters":{"dataset":"@triggerBody()['text']","parameters/method":"@triggerBody()['text_1']","parameters/uri":"@triggerBody()['text_2']","parameters/headers":"@json(triggerBody()['text_3'])","parameters/body":"@triggerBody()['text_4']"},"authentication":{"value":"@json(decodeBase64(triggerOutputs().headers['X-MS-APIM-Tokens']))['$ConnectionKey']","type":"Raw"}}},"Respond_to_a_PowerApp_or_flow":{"runAfter":{"Send_an_HTTP_request_to_SharePoint":["Succeeded"]},"metadata":{"operationMetadataId":"e5865531-b0ad-475c-8fcb-88d11d8d11f2"},"type":"Response","kind":"PowerApp","inputs":{"statusCode":200,"body":{"body":"@{body('Send_an_HTTP_request_to_SharePoint')}"},"schema":{"type":"object","properties":{"body":{"title":"Body","x-ms-dynamically-added":true,"type":"string"}}}}}}},"connectionReferences":{"shared_sharepointonline":{"connectionName":"10ff9939a59941379815dac2f4db600f","source":"Invoker","id":"/providers/Microsoft.PowerApps/apis/shared_sharepointonline","tier":"NotSpecified"}},"flowFailureAlertSubscribed":false,"isManaged":false}}