{"name":"51a99c2c-065c-4d05-84e3-c44335ec6f6c","id":"/providers/Microsoft.Flow/flows/51a99c2c-065c-4d05-84e3-c44335ec6f6c","type":"Microsoft.Flow/flows","properties":{"apiId":"/providers/Microsoft.PowerApps/apis/shared_logicflows","displayName":"GraphHTTP","definition":{"metadata":{"workflowEntityId":null,"processAdvisorMetadata":null,"flowclientsuspensionreason":"None","flowclientsuspensiontime":null,"flowclientsuspensionreasondetails":null,"creator":{"id":"456cb7da-7c8c-4cfc-88c7-8b7c3f1b7e5a","type":"User","tenantId":"2c0aa1e0-6d65-437b-b278-ec52094e80b5"},"provisioningMethod":"FromDefinition","failureAlertSubscription":true,"clientLastModifiedTime":"2022-09-15T17:21:04.8972823Z"},"$schema":"https://schema.management.azure.com/providers/Microsoft.Logic/schemas/2016-06-01/workflowdefinition.json#","contentVersion":"1.0.0.0","parameters":{"$connections":{"defaultValue":{},"type":"Object"},"$authentication":{"defaultValue":{},"type":"SecureObject"}},"triggers":{"manual":{"metadata":{"operationMetadataId":"754736f3-8079-4c91-83a1-7bcb60f021dd"},"type":"Request","kind":"PowerAppV2","inputs":{"schema":{"type":"object","properties":{"text":{"title":"Uri","type":"string","x-ms-dynamically-added":true,"description":"Please enter the Graph uri","x-ms-content-hint":"TEXT"},"text_1":{"title":"Method","type":"string","x-ms-dynamically-added":true,"description":"Please enter the method to use in the API","x-ms-content-hint":"TEXT"},"text_2":{"title":"Content-Type","type":"string","x-ms-dynamically-added":true,"description":"Please enter the content type","x-ms-content-hint":"TEXT"},"text_3":{"title":"Body","type":"string","x-ms-dynamically-added":true,"description":"Please enter the request body","x-ms-content-hint":"TEXT"},"text_4":{"title":"CustomHeader1","type":"string","x-ms-dynamically-added":true,"description":"Please enter the header","x-ms-content-hint":"TEXT"},"text_5":{"title":"CustomHeader2","type":"string","x-ms-dynamically-added":true,"description":"Please enter the header","x-ms-content-hint":"TEXT"},"text_6":{"title":"CustomHeader3","type":"string","x-ms-dynamically-added":true,"description":"Please enter the header","x-ms-content-hint":"TEXT"},"text_7":{"title":"CustomHeader4","type":"string","x-ms-dynamically-added":true,"description":"Please enter the header","x-ms-content-hint":"TEXT"},"text_8":{"title":"CustomHeader5","type":"string","x-ms-dynamically-added":true,"description":"Please enter the header","x-ms-content-hint":"TEXT"}},"required":["text","text_1","text_2","text_3","text_4","text_5","text_6","text_7","text_8"]}}}},"actions":{"Respond_to_a_PowerApp_or_flow":{"runAfter":{"Send_an_HTTP_request":["Succeeded"]},"metadata":{"operationMetadataId":"e5865531-b0ad-475c-8fcb-88d11d8d11f2"},"type":"Response","kind":"PowerApp","inputs":{"statusCode":200,"body":{"body":"@{body('Send_an_HTTP_request')}"},"schema":{"type":"object","properties":{"body":{"title":"Body","x-ms-dynamically-added":true,"type":"string"}}}}},"Send_an_HTTP_request":{"runAfter":{},"metadata":{"operationMetadataId":"fdb100c7-4687-4fbb-b5de-f43c83777246"},"type":"OpenApiConnection","inputs":{"host":{"apiId":"/providers/Microsoft.PowerApps/apis/shared_office365groups","connectionName":"shared_office365groups","operationId":"HttpRequest"},"parameters":{"Uri":"https://graph.microsoft.com@{triggerBody()['text']}","Method":"@triggerBody()['text_1']","Body":"@triggerBody()['text_3']","ContentType":"@triggerBody()['text_2']","CustomHeader1":"@triggerBody()['text_4']","CustomHeader2":"@triggerBody()['text_5']","CustomHeader3":"@triggerBody()['text_6']","CustomHeader4":"@triggerBody()['text_7']","CustomHeader5":"@triggerBody()['text_8']"},"authentication":{"value":"@json(decodeBase64(triggerOutputs().headers['X-MS-APIM-Tokens']))['$ConnectionKey']","type":"Raw"}}}}},"connectionReferences":{"shared_office365groups":{"connectionName":"f180e0b05bbe4d19b12541311bd5a8a5","source":"Invoker","id":"/providers/Microsoft.PowerApps/apis/shared_office365groups","tier":"NotSpecified"}},"flowFailureAlertSubscribed":false,"isManaged":false}}