{"name":"93736db7-be78-4b16-a1e9-d5df598c4518","id":"/providers/Microsoft.Flow/flows/93736db7-be78-4b16-a1e9-d5df598c4518","type":"Microsoft.Flow/flows","properties":{"apiId":"/providers/Microsoft.PowerApps/apis/shared_logicflows","displayName":"Add Planner Tab V2","definition":{"metadata":{"workflowEntityId":null,"processAdvisorMetadata":null,"flowclientsuspensionreason":"None","flowclientsuspensiontime":null,"flowclientsuspensionreasondetails":null,"creator":{"id":"456cb7da-7c8c-4cfc-88c7-8b7c3f1b7e5a","type":"User","tenantId":"2c0aa1e0-6d65-437b-b278-ec52094e80b5"},"provisioningMethod":"FromDefinition","failureAlertSubscription":true,"clientLastModifiedTime":"2022-09-16T16:42:01.4840595Z"},"$schema":"https://schema.management.azure.com/providers/Microsoft.Logic/schemas/2016-06-01/workflowdefinition.json#","contentVersion":"1.0.0.0","parameters":{"$connections":{"defaultValue":{},"type":"Object"},"$authentication":{"defaultValue":{},"type":"SecureObject"}},"triggers":{"manual":{"metadata":{"operationMetadataId":"86e213dd-572a-49cb-9f8d-59bf33e33a12"},"type":"Request","kind":"Button","inputs":{"schema":{"type":"object","properties":{"text":{"title":"Plan Name","type":"string","x-ms-dynamically-added":true,"description":"Enter the Plan Name","x-ms-content-hint":"TEXT"}},"required":["text"]}}}},"actions":{"Send_an_HTTP_request_-_Add_Tab":{"runAfter":{"Initialize_variable_-_PlanID":["Succeeded"]},"metadata":{"operationMetadataId":"0d78ab8b-0092-4869-b6af-d365acd668dd"},"type":"OpenApiConnection","inputs":{"host":{"apiId":"/providers/Microsoft.PowerApps/apis/shared_office365groups","connectionName":"shared_office365groups","operationId":"HttpRequest"},"parameters":{"Uri":"https://graph.microsoft.com/v1.0/teams/@{variables('TeamID')}/channels/@{variables('ChannelID')}/tabs","Method":"POST","Body":" {      \n            \"displayName\": \"@{variables('TabName')}\",\n\"teamsApp@odata.bind\" : \"https://graph.microsoft.com/v1.0/appCatalogs/teamsApps/com.microsoft.teamspace.tab.planner\", \n            \"configuration\": {\n                \"entityId\": \"@{variables('ChannelID')}\",\n                \"contentUrl\": \"https://tasks.teams.microsoft.com/teamsui/{tid}/Home/PlannerFrame?page=7&auth_pvr=OrgId&auth_upn={userPrincipalName}&groupId={groupId}&planId=@{variables('PlanID')}&channelId={channelId}&entityId={entityId}&tid={tid}&userObjectId={userObjectId}&subEntityId={subEntityId}&sessionId={sessionId}&theme={theme}&mkt={locale}&ringId={ringId}&PlannerRouteHint={tid}\",\n                \"removeUrl\": \"https://tasks.teams.microsoft.com/teamsui/{tid}/Home/PlannerFrame?page=13&auth_pvr=OrgId&auth_upn={userPrincipalName}&groupId={groupId}&planId=@{variables('PlanID')}&channelId={channelId}&entityId={entityId}&tid={tid}&userObjectId={userObjectId}&subEntityId={subEntityId}&sessionId={sessionId}&theme={theme}&mkt={locale}&ringId={ringId}&PlannerRouteHint={tid}\",\n                \"websiteUrl\": \"https://tasks.office.com/{tid}/Home/PlanViews/@{variables('PlanID')}?Type=PlanLink&Channel=TeamsTab\"\n            }\n        }","ContentType":"application/json"},"authentication":{"value":"@json(decodeBase64(triggerOutputs().headers['X-MS-APIM-Tokens']))['$ConnectionKey']","type":"Raw"}}},"Initialize_variable_-_ChannelID":{"runAfter":{"Filter_array_-_Channels":["Succeeded"]},"metadata":{"operationMetadataId":"1225123c-2240-4d99-a0e2-bdcd2a0da5dd"},"type":"InitializeVariable","inputs":{"variables":[{"name":"ChannelID","type":"string","value":"@{first(body('Filter_array_-_Channels'))['Id']}"}]},"description":"tt.c_19:-b-8k74tKg9GlZH-PqcVDJM5i2H_SzXpWbFtp04eOoY1@thread.tacv2_p_mUnT027VzUe1LGUyyM2CLpgAAJMg_h_1663236656423"},"List_channels":{"runAfter":{"Initialize_variable_-_TabName":["Succeeded"]},"metadata":{"operationMetadataId":"9a9021fd-863e-4dcc-9b73-96ccc98aea47"},"type":"OpenApiConnection","inputs":{"host":{"apiId":"/providers/Microsoft.PowerApps/apis/shared_teams","connectionName":"shared_teams","operationId":"GetChannelsForGroup"},"parameters":{"groupId":"@variables('TeamID')"},"authentication":{"value":"@json(decodeBase64(triggerOutputs().headers['X-MS-APIM-Tokens']))['$ConnectionKey']","type":"Raw"}}},"Filter_array_-_Channels":{"runAfter":{"List_channels":["Succeeded"]},"metadata":{"operationMetadataId":"1c38f84a-e7e5-4549-a0d5-424d23d1a7a4"},"type":"Query","inputs":{"from":"@outputs('List_channels')?['body/value']","where":"@equals(item()?['displayName'], 'General')"}},"Initialize_variable_-_TeamID":{"runAfter":{},"metadata":{"operationMetadataId":"3b05fa4a-c5d7-448c-addf-8a358b386a2d"},"type":"InitializeVariable","inputs":{"variables":[{"name":"TeamID","type":"string","value":"d06fa22b-5177-4aa4-85a9-7707c4bbfd5c"}]},"description":"457ac611-0a8e-48da-aea7-0d6df1951b28"},"Send_an_HTTP_request_-_Create_Plan":{"runAfter":{"Initialize_variable_-_ChannelID":["Succeeded"]},"metadata":{"operationMetadataId":"7590f18a-0db9-480d-bd50-2ad9253c628e"},"type":"OpenApiConnection","inputs":{"host":{"apiId":"/providers/Microsoft.PowerApps/apis/shared_office365groups","connectionName":"shared_office365groups","operationId":"HttpRequest"},"parameters":{"Uri":"https://graph.microsoft.com/v1.0/planner/plans","Method":"POST","Body":"{\n        \"owner\": \"@{variables('TeamID')}\",\n        \"title\": \"@{variables('PlanName')}\"\n}","ContentType":"application/json"},"authentication":{"value":"@json(decodeBase64(triggerOutputs().headers['X-MS-APIM-Tokens']))['$ConnectionKey']","type":"Raw"}}},"Parse_JSON_-_New_Plan_Content":{"runAfter":{"Send_an_HTTP_request_-_Create_Plan":["Succeeded"]},"metadata":{"operationMetadataId":"c99bc24b-59e5-4ab7-b10f-0ee4d4da1f2a"},"type":"ParseJson","inputs":{"content":"@body('Send_an_HTTP_request_-_Create_Plan')","schema":{"type":"object","properties":{"@@odata.context":{"type":"string"},"@@odata.etag":{"type":"string"},"createdDateTime":{"type":"string"},"owner":{"type":"string"},"title":{"type":"string"},"id":{"type":"string","description":"The Plan ID"},"createdBy":{"type":"object","properties":{"user":{"type":"object","properties":{"displayName":{},"id":{"type":"string"}}},"application":{"type":"object","properties":{"displayName":{},"id":{"type":"string"}}}}}}}}},"Initialize_variable_-_PlanID":{"runAfter":{"Parse_JSON_-_New_Plan_Content":["Succeeded"]},"metadata":{"operationMetadataId":"4fa83aed-429e-425d-a945-30899dcfc565"},"type":"InitializeVariable","inputs":{"variables":[{"name":"PlanID","type":"string","value":"@body('Parse_JSON_-_New_Plan_Content')?['id']"}]},"description":"mUnT027VzUe1LGUyyM2CLpgAAJMg"},"Initialize_variable_-_PlanName":{"runAfter":{"Initialize_variable_-_TeamID":["Succeeded"]},"metadata":{"operationMetadataId":"c0037e00-5dd9-4bf9-9c94-976f895d51d4"},"type":"InitializeVariable","inputs":{"variables":[{"name":"PlanName","type":"string","value":"@triggerBody()['text']"}]}},"Initialize_variable_-_TabName":{"runAfter":{"Initialize_variable_-_PlanName":["Succeeded"]},"metadata":{"operationMetadataId":"eb42df5c-aa5b-4333-917e-805c85e56626"},"type":"InitializeVariable","inputs":{"variables":[{"name":"TabName","type":"string","value":"Planner - @{variables('PlanName')}"}]}}}},"connectionReferences":{"shared_office365groups":{"connectionName":"f180e0b05bbe4d19b12541311bd5a8a5","source":"Invoker","id":"/providers/Microsoft.PowerApps/apis/shared_office365groups","tier":"NotSpecified"},"shared_teams":{"connectionName":"shared-teams-5bc75e95-937a-471f-ba2f-851b87cad1b0","source":"Invoker","id":"/providers/Microsoft.PowerApps/apis/shared_teams","tier":"NotSpecified"}},"flowFailureAlertSubscribed":false,"isManaged":false}}